--
-- PostgreSQL database dump
--

-- Dumped from database version 17.0 (Debian 17.0-1.pgdg120+1)
-- Dumped by pg_dump version 17.2

SET statement_timeout = 0;
SET lock_timeout = 0;
SET idle_in_transaction_session_timeout = 0;
SET transaction_timeout = 0;
SET client_encoding = 'UTF8';
SET standard_conforming_strings = on;
SELECT pg_catalog.set_config('search_path', '', false);
SET check_function_bodies = false;
SET xmloption = content;
SET client_min_messages = warning;
SET row_security = off;

SET default_tablespace = '';

SET default_table_access_method = heap;

--
-- Name: categories; Type: TABLE; Schema: public; Owner: postgres
--

CREATE TABLE public.categories (
    id bigint NOT NULL,
    created_at timestamp with time zone DEFAULT CURRENT_TIMESTAMP,
    updated_at timestamp with time zone DEFAULT CURRENT_TIMESTAMP,
    deleted_at timestamp with time zone,
    name character varying(100) NOT NULL,
    description text,
    user_id bigint NOT NULL,
    icon_id bigint,
    type character varying(100)
);


ALTER TABLE public.categories OWNER TO postgres;

--
-- Name: categories_id_seq; Type: SEQUENCE; Schema: public; Owner: postgres
--

CREATE SEQUENCE public.categories_id_seq
    START WITH 1
    INCREMENT BY 1
    NO MINVALUE
    NO MAXVALUE
    CACHE 1;


ALTER SEQUENCE public.categories_id_seq OWNER TO postgres;

--
-- Name: categories_id_seq; Type: SEQUENCE OWNED BY; Schema: public; Owner: postgres
--

ALTER SEQUENCE public.categories_id_seq OWNED BY public.categories.id;


--
-- Name: icon_catalogs; Type: TABLE; Schema: public; Owner: postgres
--

CREATE TABLE public.icon_catalogs (
    id bigint NOT NULL,
    created_at timestamp with time zone DEFAULT CURRENT_TIMESTAMP,
    updated_at timestamp with time zone DEFAULT CURRENT_TIMESTAMP,
    deleted_at timestamp with time zone,
    icon_type character varying(100) NOT NULL,
    image_url text
);


ALTER TABLE public.icon_catalogs OWNER TO postgres;

--
-- Name: icon_catalogs_id_seq; Type: SEQUENCE; Schema: public; Owner: postgres
--

CREATE SEQUENCE public.icon_catalogs_id_seq
    START WITH 1
    INCREMENT BY 1
    NO MINVALUE
    NO MAXVALUE
    CACHE 1;


ALTER SEQUENCE public.icon_catalogs_id_seq OWNER TO postgres;

--
-- Name: icon_catalogs_id_seq; Type: SEQUENCE OWNED BY; Schema: public; Owner: postgres
--

ALTER SEQUENCE public.icon_catalogs_id_seq OWNED BY public.icon_catalogs.id;


--
-- Name: transactions; Type: TABLE; Schema: public; Owner: postgres
--

CREATE TABLE public.transactions (
    id bigint NOT NULL,
    created_at timestamp with time zone DEFAULT CURRENT_TIMESTAMP,
    updated_at timestamp with time zone DEFAULT CURRENT_TIMESTAMP,
    deleted_at timestamp with time zone,
    user_id bigint NOT NULL,
    category_id bigint NOT NULL,
    amount numeric NOT NULL,
    description text,
    type character varying(100) NOT NULL
);


ALTER TABLE public.transactions OWNER TO postgres;

--
-- Name: transactions_id_seq; Type: SEQUENCE; Schema: public; Owner: postgres
--

CREATE SEQUENCE public.transactions_id_seq
    START WITH 1
    INCREMENT BY 1
    NO MINVALUE
    NO MAXVALUE
    CACHE 1;


ALTER SEQUENCE public.transactions_id_seq OWNER TO postgres;

--
-- Name: transactions_id_seq; Type: SEQUENCE OWNED BY; Schema: public; Owner: postgres
--

ALTER SEQUENCE public.transactions_id_seq OWNED BY public.transactions.id;


--
-- Name: users; Type: TABLE; Schema: public; Owner: postgres
--

CREATE TABLE public.users (
    id bigint NOT NULL,
    created_at timestamp with time zone DEFAULT CURRENT_TIMESTAMP,
    updated_at timestamp with time zone DEFAULT CURRENT_TIMESTAMP,
    deleted_at timestamp with time zone,
    user_name character varying(100) NOT NULL,
    password text NOT NULL
);


ALTER TABLE public.users OWNER TO postgres;

--
-- Name: users_id_seq; Type: SEQUENCE; Schema: public; Owner: postgres
--

CREATE SEQUENCE public.users_id_seq
    START WITH 1
    INCREMENT BY 1
    NO MINVALUE
    NO MAXVALUE
    CACHE 1;


ALTER SEQUENCE public.users_id_seq OWNER TO postgres;

--
-- Name: users_id_seq; Type: SEQUENCE OWNED BY; Schema: public; Owner: postgres
--

ALTER SEQUENCE public.users_id_seq OWNED BY public.users.id;


--
-- Name: categories id; Type: DEFAULT; Schema: public; Owner: postgres
--

ALTER TABLE ONLY public.categories ALTER COLUMN id SET DEFAULT nextval('public.categories_id_seq'::regclass);


--
-- Name: icon_catalogs id; Type: DEFAULT; Schema: public; Owner: postgres
--

ALTER TABLE ONLY public.icon_catalogs ALTER COLUMN id SET DEFAULT nextval('public.icon_catalogs_id_seq'::regclass);


--
-- Name: transactions id; Type: DEFAULT; Schema: public; Owner: postgres
--

ALTER TABLE ONLY public.transactions ALTER COLUMN id SET DEFAULT nextval('public.transactions_id_seq'::regclass);


--
-- Name: users id; Type: DEFAULT; Schema: public; Owner: postgres
--

ALTER TABLE ONLY public.users ALTER COLUMN id SET DEFAULT nextval('public.users_id_seq'::regclass);


--
-- Data for Name: categories; Type: TABLE DATA; Schema: public; Owner: postgres
--

COPY public.categories (id, created_at, updated_at, deleted_at, name, description, user_id, icon_id, type) FROM stdin;
8	2024-10-13 11:05:43.918203+00	2024-10-13 11:05:43.918203+00	\N	Gift		2	18	expenses
25	2024-12-04 15:03:59.481207+00	2024-12-04 15:03:59.481207+00	\N	Test	Tesst	2	14	expenses
26	2024-12-04 15:11:16.123768+00	2024-12-04 15:11:16.123768+00	\N	Test1	Tesst1	2	22	income
16	2024-10-13 11:07:12.055641+00	2024-10-13 11:07:12.055641+00	\N	Saving		2	2	income
18	2024-10-13 11:07:33.602366+00	2024-10-13 11:07:33.602366+00	\N	Salary		2	1	income
17	2024-10-13 11:07:19.370699+00	2024-10-13 11:07:19.370699+00	\N	Investment		2	21	income
4	2024-10-03 15:34:48.560322+00	2024-10-03 15:34:48.560322+00	2024-10-14 08:46:48.008+00	Property taxes		1	1	expenses
19	2024-11-18 16:29:32.792778+00	2024-11-18 16:29:32.792778+00	\N	Wifi	Wifi Fee	2	29	expenses
12	2024-10-13 11:06:07.789789+00	2024-10-13 11:06:07.789789+00	\N	Food		2	133	expenses
14	2024-10-13 11:06:29.51243+00	2024-10-13 11:06:29.51243+00	\N	Transport		2	53	expenses
10	2024-10-13 11:05:56.90567+00	2024-10-13 11:05:56.90567+00	\N	Study		2	64	expenses
21	2024-12-04 09:04:33.787355+00	2024-12-04 09:04:33.787355+00	\N	Furniture	Furniture	2	35	expenses
23	2024-12-04 09:19:24.667952+00	2024-12-04 09:19:24.667952+00	\N	Tax Fee	Tax Fee	2	20	expenses
20	2024-12-04 08:58:46.38519+00	2024-12-04 08:58:46.38519+00	\N	Water billing	water des	2	30	expenses
5	2024-10-05 02:27:27.087856+00	2024-10-05 02:27:27.087856+00	2024-10-14 08:46:48.008+00	Freelance	Freelance	1	1	expenses
24	2024-12-04 09:20:07.205522+00	2024-12-04 09:20:07.205522+00	\N	House rent	house rent	2	19	expenses
7	2024-10-13 11:05:32.259509+00	2024-10-13 11:05:32.259509+00	\N	House Rent		2	4	expenses
6	2024-10-13 09:08:14.842735+00	2024-10-13 09:08:14.842735+00	\N	Coffee&Tea		2	128	expenses
2	2024-10-03 15:20:02.326167+00	2024-10-03 15:20:02.326167+00	2024-10-14 08:46:48.008+00	Investment Income	Investment Income	1	1	expenses
15	2024-10-13 11:06:33.426091+00	2024-10-13 11:06:33.426091+00	\N	Shopping		2	135	expenses
11	2024-10-13 11:06:03.3801+00	2024-10-13 11:06:03.3801+00	\N	Loan		2	16	expenses
13	2024-10-13 11:06:14.146482+00	2024-10-13 11:06:14.146482+00	\N	Fitness		2	89	expenses
22	2024-12-04 09:12:02.8816+00	2024-12-04 09:12:02.8816+00	\N	Vehicel Fuel	Vehicel Fuel	2	44	expenses
9	2024-10-13 11:05:50.163411+00	2024-10-13 11:05:50.163411+00	\N	Pet care	Pet care	2	59	expenses
3	2024-10-03 15:20:20.60394+00	2024-10-03 15:34:32.763812+00	2024-10-14 08:46:48.008+00	Salary	Salary	1	1	expenses
1	2024-10-03 15:17:35.016117+00	2024-10-03 15:17:35.016117+00	2024-10-14 08:46:48.008+00	Tax Refund	Tax Refund	1	1	expenses
\.


--
-- Data for Name: icon_catalogs; Type: TABLE DATA; Schema: public; Owner: postgres
--

COPY public.icon_catalogs (id, created_at, updated_at, deleted_at, icon_type, image_url) FROM stdin;
1	2024-11-17 08:07:45.424519+00	2024-11-17 08:07:45.424519+00	\N	finances	http://143.198.193.9:8989/uploads/1731829097598270648.gif
2	2024-11-17 08:08:07.367545+00	2024-11-17 08:08:07.367545+00	\N	finances	http://143.198.193.9:8989/uploads/1731830876817260066.gif
3	2024-11-17 08:08:25.790487+00	2024-11-17 08:08:25.790487+00	\N	finances	http://143.198.193.9:8989/uploads/1731830897121988083.gif
4	2024-11-17 08:08:44.015265+00	2024-11-17 08:08:44.015265+00	\N	finances	http://143.198.193.9:8989/uploads/1731830914771098263.gif
14	2024-11-17 08:34:15.773778+00	2024-11-17 08:34:15.773778+00	\N	finances	http://143.198.193.9:8989/uploads/1731832455771662540.gif
15	2024-11-17 08:34:15.778332+00	2024-11-17 08:34:15.778332+00	\N	finances	http://143.198.193.9:8989/uploads/1731832455777475515.gif
16	2024-11-17 08:34:15.785402+00	2024-11-17 08:34:15.785402+00	\N	finances	http://143.198.193.9:8989/uploads/1731832455782548064.gif
17	2024-11-17 08:34:15.78807+00	2024-11-17 08:34:15.78807+00	\N	finances	http://143.198.193.9:8989/uploads/1731832455787384044.gif
18	2024-11-17 08:34:15.797719+00	2024-11-17 08:34:15.797719+00	\N	finances	http://143.198.193.9:8989/uploads/1731832455795338094.gif
19	2024-11-17 08:34:15.80097+00	2024-11-17 08:34:15.80097+00	\N	finances	http://143.198.193.9:8989/uploads/1731832455799984314.gif
20	2024-11-17 08:34:15.815962+00	2024-11-17 08:34:15.815962+00	\N	finances	http://143.198.193.9:8989/uploads/1731832455810966893.gif
21	2024-11-17 08:34:15.827551+00	2024-11-17 08:34:15.827551+00	\N	finances	http://143.198.193.9:8989/uploads/1731832455824017918.gif
22	2024-11-17 08:34:15.83134+00	2024-11-17 08:34:15.83134+00	\N	finances	http://143.198.193.9:8989/uploads/1731832455830223249.gif
23	2024-11-17 08:35:57.622238+00	2024-11-17 08:35:57.622238+00	\N	home	http://143.198.193.9:8989/uploads/1731832557620759435.gif
24	2024-11-17 08:35:57.62486+00	2024-11-17 08:35:57.62486+00	\N	home	http://143.198.193.9:8989/uploads/1731832557624445762.gif
25	2024-11-17 08:35:57.630343+00	2024-11-17 08:35:57.630343+00	\N	home	http://143.198.193.9:8989/uploads/1731832557628403967.gif
26	2024-11-17 08:35:57.633523+00	2024-11-17 08:35:57.633523+00	\N	home	http://143.198.193.9:8989/uploads/1731832557632842884.gif
27	2024-11-17 08:35:57.638043+00	2024-11-17 08:35:57.638043+00	\N	home	http://143.198.193.9:8989/uploads/1731832557637231535.gif
28	2024-11-17 08:35:57.641439+00	2024-11-17 08:35:57.641439+00	\N	home	http://143.198.193.9:8989/uploads/1731832557640925959.gif
29	2024-11-17 08:35:57.643431+00	2024-11-17 08:35:57.643431+00	\N	home	http://143.198.193.9:8989/uploads/1731832557643196048.gif
30	2024-11-17 08:35:57.646677+00	2024-11-17 08:35:57.646677+00	\N	home	http://143.198.193.9:8989/uploads/1731832557645342322.gif
31	2024-11-17 08:35:57.648387+00	2024-11-17 08:35:57.648387+00	\N	home	http://143.198.193.9:8989/uploads/1731832557648096542.gif
33	2024-11-17 08:35:57.65761+00	2024-11-17 08:35:57.65761+00	\N	home	http://143.198.193.9:8989/uploads/1731832557652986985.gif
34	2024-11-17 08:35:57.662741+00	2024-11-17 08:35:57.662741+00	\N	home	http://143.198.193.9:8989/uploads/1731832557661364690.gif
35	2024-11-17 08:35:57.665543+00	2024-11-17 08:35:57.665543+00	\N	home	http://143.198.193.9:8989/uploads/1731832557664701575.gif
36	2024-11-17 08:35:57.670094+00	2024-11-17 08:35:57.670094+00	\N	home	http://143.198.193.9:8989/uploads/1731832557667332239.gif
37	2024-11-17 08:35:57.672751+00	2024-11-17 08:35:57.672751+00	\N	home	http://143.198.193.9:8989/uploads/1731832557672011362.gif
38	2024-11-17 08:35:57.674129+00	2024-11-17 08:35:57.674129+00	\N	home	http://143.198.193.9:8989/uploads/1731832557673829302.gif
39	2024-11-17 08:35:57.676204+00	2024-11-17 08:35:57.676204+00	\N	home	http://143.198.193.9:8989/uploads/1731832557675506617.gif
40	2024-11-17 08:36:55.86127+00	2024-11-17 08:36:55.86127+00	\N	transportation	http://143.198.193.9:8989/uploads/1731832615860543836.gif
41	2024-11-17 08:36:55.866323+00	2024-11-17 08:36:55.866323+00	\N	transportation	http://143.198.193.9:8989/uploads/1731832615865276832.gif
42	2024-11-17 08:36:55.872949+00	2024-11-17 08:36:55.872949+00	\N	transportation	http://143.198.193.9:8989/uploads/1731832615871759158.gif
43	2024-11-17 08:36:55.875583+00	2024-11-17 08:36:55.875583+00	\N	transportation	http://143.198.193.9:8989/uploads/1731832615874712765.gif
44	2024-11-17 08:36:55.877508+00	2024-11-17 08:36:55.877508+00	\N	transportation	http://143.198.193.9:8989/uploads/1731832615876902392.gif
45	2024-11-17 08:36:55.884208+00	2024-11-17 08:36:55.884208+00	\N	transportation	http://143.198.193.9:8989/uploads/1731832615880640658.gif
46	2024-11-17 08:36:55.887712+00	2024-11-17 08:36:55.887712+00	\N	transportation	http://143.198.193.9:8989/uploads/1731832615886373903.gif
47	2024-11-17 08:36:55.892666+00	2024-11-17 08:36:55.892666+00	\N	transportation	http://143.198.193.9:8989/uploads/1731832615891015464.gif
48	2024-11-17 08:36:55.899081+00	2024-11-17 08:36:55.899081+00	\N	transportation	http://143.198.193.9:8989/uploads/1731832615897159278.gif
49	2024-11-17 08:36:55.902512+00	2024-11-17 08:36:55.902512+00	\N	transportation	http://143.198.193.9:8989/uploads/1731832615901578698.gif
50	2024-11-17 08:36:55.905054+00	2024-11-17 08:36:55.905054+00	\N	transportation	http://143.198.193.9:8989/uploads/1731832615904261972.gif
51	2024-11-17 08:36:55.90735+00	2024-11-17 08:36:55.90735+00	\N	transportation	http://143.198.193.9:8989/uploads/1731832615906612544.gif
52	2024-11-17 08:36:55.91016+00	2024-11-17 08:36:55.91016+00	\N	transportation	http://143.198.193.9:8989/uploads/1731832615909079267.gif
53	2024-11-17 08:36:55.916828+00	2024-11-17 08:36:55.916828+00	\N	transportation	http://143.198.193.9:8989/uploads/1731832615913243824.gif
54	2024-11-17 08:36:55.919537+00	2024-11-17 08:36:55.919537+00	\N	transportation	http://143.198.193.9:8989/uploads/1731832615918705963.gif
55	2024-11-17 08:36:55.921869+00	2024-11-17 08:36:55.921869+00	\N	transportation	http://143.198.193.9:8989/uploads/1731832615921085601.gif
56	2024-11-17 08:36:55.924757+00	2024-11-17 08:36:55.924757+00	\N	transportation	http://143.198.193.9:8989/uploads/1731832615923743577.gif
57	2024-11-17 08:37:52.421379+00	2024-11-17 08:37:52.421379+00	\N	family	http://143.198.193.9:8989/uploads/1731832672418484365.gif
58	2024-11-17 08:37:52.42561+00	2024-11-17 08:37:52.42561+00	\N	family	http://143.198.193.9:8989/uploads/1731832672424498993.gif
59	2024-11-17 08:37:52.43536+00	2024-11-17 08:37:52.43536+00	\N	family	http://143.198.193.9:8989/uploads/1731832672433728254.gif
60	2024-11-17 08:37:52.439122+00	2024-11-17 08:37:52.439122+00	\N	family	http://143.198.193.9:8989/uploads/1731832672438004903.gif
61	2024-11-17 08:37:52.442563+00	2024-11-17 08:37:52.442563+00	\N	family	http://143.198.193.9:8989/uploads/1731832672441447278.gif
62	2024-11-17 08:37:52.451227+00	2024-11-17 08:37:52.451227+00	\N	family	http://143.198.193.9:8989/uploads/1731832672449505526.gif
63	2024-11-17 08:37:52.454536+00	2024-11-17 08:37:52.454536+00	\N	family	http://143.198.193.9:8989/uploads/1731832672453459392.gif
64	2024-11-17 08:38:13.726332+00	2024-11-17 08:38:13.726332+00	\N	education	http://143.198.193.9:8989/uploads/1731832693724876927.gif
65	2024-11-17 08:38:13.728828+00	2024-11-17 08:38:13.728828+00	\N	education	http://143.198.193.9:8989/uploads/1731832693728354289.gif
32	2024-11-17 08:35:57.649272+00	2024-11-17 08:35:57.649272+00	2024-11-17 08:35:57.649272+00	home	http://143.198.193.9:8989/uploads/1731832557649162535.gif
66	2024-11-17 08:38:13.732395+00	2024-11-17 08:38:13.732395+00	\N	education	http://143.198.193.9:8989/uploads/1731832693731334817.gif
67	2024-11-17 08:38:13.738466+00	2024-11-17 08:38:13.738466+00	\N	education	http://143.198.193.9:8989/uploads/1731832693736582651.gif
68	2024-11-17 08:38:13.742158+00	2024-11-17 08:38:13.742158+00	\N	education	http://143.198.193.9:8989/uploads/1731832693741178586.gif
69	2024-11-17 08:38:13.744341+00	2024-11-17 08:38:13.744341+00	\N	education	http://143.198.193.9:8989/uploads/1731832693743742303.gif
70	2024-11-17 08:38:13.746198+00	2024-11-17 08:38:13.746198+00	\N	education	http://143.198.193.9:8989/uploads/1731832693745647880.gif
71	2024-11-17 08:38:13.750913+00	2024-11-17 08:38:13.750913+00	\N	education	http://143.198.193.9:8989/uploads/1731832693747916388.gif
72	2024-11-17 08:38:13.75377+00	2024-11-17 08:38:13.75377+00	\N	education	http://143.198.193.9:8989/uploads/1731832693752991292.gif
73	2024-11-17 08:38:13.755753+00	2024-11-17 08:38:13.755753+00	\N	education	http://143.198.193.9:8989/uploads/1731832693755336805.gif
74	2024-11-17 08:38:29.491141+00	2024-11-17 08:38:29.491141+00	\N	relaxation	http://143.198.193.9:8989/uploads/1731832709490060139.gif
75	2024-11-17 08:38:29.497789+00	2024-11-17 08:38:29.497789+00	\N	relaxation	http://143.198.193.9:8989/uploads/1731832709496301629.gif
76	2024-11-17 08:38:29.50078+00	2024-11-17 08:38:29.50078+00	\N	relaxation	http://143.198.193.9:8989/uploads/1731832709500016812.gif
77	2024-11-17 08:38:29.504006+00	2024-11-17 08:38:29.504006+00	\N	relaxation	http://143.198.193.9:8989/uploads/1731832709502944260.gif
78	2024-11-17 08:38:29.509761+00	2024-11-17 08:38:29.509761+00	\N	relaxation	http://143.198.193.9:8989/uploads/1731832709508240705.gif
79	2024-11-17 08:38:29.51341+00	2024-11-17 08:38:29.51341+00	\N	relaxation	http://143.198.193.9:8989/uploads/1731832709512149256.gif
80	2024-11-17 08:38:29.519645+00	2024-11-17 08:38:29.519645+00	\N	relaxation	http://143.198.193.9:8989/uploads/1731832709518125521.gif
81	2024-11-17 08:38:29.522009+00	2024-11-17 08:38:29.522009+00	\N	relaxation	http://143.198.193.9:8989/uploads/1731832709521741796.gif
82	2024-11-17 08:38:29.523196+00	2024-11-17 08:38:29.523196+00	\N	relaxation	http://143.198.193.9:8989/uploads/1731832709523074066.gif
83	2024-11-17 08:38:57.521261+00	2024-11-17 08:38:57.521261+00	\N	sport	http://143.198.193.9:8989/uploads/1731832737520000888.gif
84	2024-11-17 08:38:57.526998+00	2024-11-17 08:38:57.526998+00	\N	sport	http://143.198.193.9:8989/uploads/1731832737525770160.gif
85	2024-11-17 08:38:57.533661+00	2024-11-17 08:38:57.533661+00	\N	sport	http://143.198.193.9:8989/uploads/1731832737532022480.gif
86	2024-11-17 08:38:57.536609+00	2024-11-17 08:38:57.536609+00	\N	sport	http://143.198.193.9:8989/uploads/1731832737535690454.gif
87	2024-11-17 08:38:57.539184+00	2024-11-17 08:38:57.539184+00	\N	sport	http://143.198.193.9:8989/uploads/1731832737538333852.gif
88	2024-11-17 08:38:57.541588+00	2024-11-17 08:38:57.541588+00	\N	sport	http://143.198.193.9:8989/uploads/1731832737540872221.gif
89	2024-11-17 08:38:57.543714+00	2024-11-17 08:38:57.543714+00	\N	sport	http://143.198.193.9:8989/uploads/1731832737543254314.gif
90	2024-11-17 08:38:57.545767+00	2024-11-17 08:38:57.545767+00	\N	sport	http://143.198.193.9:8989/uploads/1731832737545220546.gif
92	2024-11-17 08:38:57.555394+00	2024-11-17 08:38:57.555394+00	\N	sport	http://143.198.193.9:8989/uploads/1731832737553163746.gif
93	2024-11-17 08:38:57.557936+00	2024-11-17 08:38:57.557936+00	\N	sport	http://143.198.193.9:8989/uploads/1731832737557249934.gif
94	2024-11-17 08:38:57.561009+00	2024-11-17 08:38:57.561009+00	\N	sport	http://143.198.193.9:8989/uploads/1731832737560000426.gif
95	2024-11-17 08:38:57.563113+00	2024-11-17 08:38:57.563113+00	\N	sport	http://143.198.193.9:8989/uploads/1731832737562486687.gif
96	2024-11-17 08:38:57.569792+00	2024-11-17 08:38:57.569792+00	\N	sport	http://143.198.193.9:8989/uploads/1731832737566920714.gif
97	2024-11-17 08:38:57.572377+00	2024-11-17 08:38:57.572377+00	\N	sport	http://143.198.193.9:8989/uploads/1731832737571619455.gif
98	2024-11-17 08:39:13.11877+00	2024-11-17 08:39:13.11877+00	\N	entertainment	http://143.198.193.9:8989/uploads/1731832753116534697.gif
99	2024-11-17 08:39:13.126913+00	2024-11-17 08:39:13.126913+00	\N	entertainment	http://143.198.193.9:8989/uploads/1731832753123233504.gif
100	2024-11-17 08:39:13.129195+00	2024-11-17 08:39:13.129195+00	\N	entertainment	http://143.198.193.9:8989/uploads/1731832753128621654.gif
101	2024-11-17 08:39:13.131682+00	2024-11-17 08:39:13.131682+00	\N	entertainment	http://143.198.193.9:8989/uploads/1731832753130864752.gif
102	2024-11-17 08:39:13.137074+00	2024-11-17 08:39:13.137074+00	\N	entertainment	http://143.198.193.9:8989/uploads/1731832753135136171.gif
103	2024-11-17 08:39:13.144306+00	2024-11-17 08:39:13.144306+00	\N	entertainment	http://143.198.193.9:8989/uploads/1731832753142427334.gif
104	2024-11-17 08:39:13.146002+00	2024-11-17 08:39:13.146002+00	\N	entertainment	http://143.198.193.9:8989/uploads/1731832753145753719.gif
105	2024-11-17 08:39:13.147084+00	2024-11-17 08:39:13.147084+00	\N	entertainment	http://143.198.193.9:8989/uploads/1731832753146946954.gif
106	2024-11-17 08:39:13.147876+00	2024-11-17 08:39:13.147876+00	\N	entertainment	http://143.198.193.9:8989/uploads/1731832753147741653.gif
107	2024-11-17 08:39:13.148656+00	2024-11-17 08:39:13.148656+00	\N	entertainment	http://143.198.193.9:8989/uploads/1731832753148538165.gif
108	2024-11-17 08:39:27.082154+00	2024-11-17 08:39:27.082154+00	\N	beauty	http://143.198.193.9:8989/uploads/1731832767077674894.gif
109	2024-11-17 08:39:27.084093+00	2024-11-17 08:39:27.084093+00	\N	beauty	http://143.198.193.9:8989/uploads/1731832767083785525.gif
110	2024-11-17 08:39:27.085283+00	2024-11-17 08:39:27.085283+00	\N	beauty	http://143.198.193.9:8989/uploads/1731832767085087608.gif
111	2024-11-17 08:39:27.086614+00	2024-11-17 08:39:27.086614+00	\N	beauty	http://143.198.193.9:8989/uploads/1731832767086191333.gif
112	2024-11-17 08:39:27.090969+00	2024-11-17 08:39:27.090969+00	\N	beauty	http://143.198.193.9:8989/uploads/1731832767088119253.gif
113	2024-11-17 08:39:27.092607+00	2024-11-17 08:39:27.092607+00	\N	beauty	http://143.198.193.9:8989/uploads/1731832767092321280.gif
114	2024-11-17 08:39:27.093784+00	2024-11-17 08:39:27.093784+00	\N	beauty	http://143.198.193.9:8989/uploads/1731832767093546927.gif
115	2024-11-17 08:39:27.095393+00	2024-11-17 08:39:27.095393+00	\N	beauty	http://143.198.193.9:8989/uploads/1731832767094957065.gif
116	2024-11-17 08:39:48.266646+00	2024-11-17 08:39:48.266646+00	\N	health	http://143.198.193.9:8989/uploads/1731832788265323586.gif
117	2024-11-17 08:39:48.269697+00	2024-11-17 08:39:48.269697+00	\N	health	http://143.198.193.9:8989/uploads/1731832788268695558.gif
118	2024-11-17 08:39:48.276468+00	2024-11-17 08:39:48.276468+00	\N	health	http://143.198.193.9:8989/uploads/1731832788273538132.gif
119	2024-11-17 08:39:48.279426+00	2024-11-17 08:39:48.279426+00	\N	health	http://143.198.193.9:8989/uploads/1731832788278384503.gif
120	2024-11-17 08:39:48.284784+00	2024-11-17 08:39:48.284784+00	\N	health	http://143.198.193.9:8989/uploads/1731832788283268485.gif
121	2024-11-17 08:39:48.287338+00	2024-11-17 08:39:48.287338+00	\N	health	http://143.198.193.9:8989/uploads/1731832788286568831.gif
122	2024-11-17 08:39:48.289678+00	2024-11-17 08:39:48.289678+00	\N	health	http://143.198.193.9:8989/uploads/1731832788288878405.gif
123	2024-11-17 08:39:48.29329+00	2024-11-17 08:39:48.29329+00	\N	health	http://143.198.193.9:8989/uploads/1731832788291294833.gif
91	2024-11-17 08:38:57.547118+00	2024-11-17 08:38:57.547118+00	\N	sport	http://143.198.193.9:8989/uploads/1731832737546968064.gif
128	2024-12-04 11:00:03.602701+00	2024-12-04 11:00:03.602701+00	\N	food&drink	http://143.198.193.9:8989/uploads/1733310003601047033.gif
126	2024-12-04 11:00:03.593178+00	2024-12-04 11:00:03.593178+00	\N	food&drink	http://143.198.193.9:8989/uploads/1733310003587916468.gif
135	2024-12-04 11:00:55.759694+00	2024-12-04 11:00:55.759694+00	\N	shopping	http://143.198.193.9:8989/uploads/1733310055758471852.gif
136	2024-12-04 11:00:55.766569+00	2024-12-04 11:00:55.766569+00	\N	shopping	http://143.198.193.9:8989/uploads/1733310055764945309.gif
137	2024-12-04 11:00:55.77119+00	2024-12-04 11:00:55.77119+00	\N	shopping	http://143.198.193.9:8989/uploads/1733310055769759883.gif
138	2024-12-04 11:00:55.778369+00	2024-12-04 11:00:55.778369+00	\N	shopping	http://143.198.193.9:8989/uploads/1733310055777313124.gif
139	2024-12-04 11:00:55.781822+00	2024-12-04 11:00:55.781822+00	\N	shopping	http://143.198.193.9:8989/uploads/1733310055780583152.gif
140	2024-12-04 11:00:55.790241+00	2024-12-04 11:00:55.790241+00	\N	shopping	http://143.198.193.9:8989/uploads/1733310055784302864.gif
141	2024-12-04 11:00:55.814124+00	2024-12-04 11:00:55.814124+00	\N	shopping	http://143.198.193.9:8989/uploads/1733310055811962222.gif
142	2024-12-04 11:00:55.829198+00	2024-12-04 11:00:55.829198+00	\N	shopping	http://143.198.193.9:8989/uploads/1733310055827394693.gif
143	2024-12-04 11:00:55.835407+00	2024-12-04 11:00:55.835407+00	\N	shopping	http://143.198.193.9:8989/uploads/1733310055833877038.gif
144	2024-12-04 11:00:55.839217+00	2024-12-04 11:00:55.839217+00	\N	shopping	http://143.198.193.9:8989/uploads/1733310055838380952.gif
145	2024-12-04 11:00:55.842454+00	2024-12-04 11:00:55.842454+00	\N	shopping	http://143.198.193.9:8989/uploads/1733310055841127503.gif
146	2024-12-04 11:00:55.845628+00	2024-12-04 11:00:55.845628+00	\N	shopping	http://143.198.193.9:8989/uploads/1733310055843893963.gif
134	2024-12-04 11:00:03.638649+00	2024-12-04 11:00:03.638649+00	\N	food&drink	http://143.198.193.9:8989/uploads/1733310003634477777.gif
124	2024-12-04 11:00:03.571685+00	2024-12-04 11:00:03.571685+00	\N	food&drink	http://143.198.193.9:8989/uploads/1733310003569286827.gif
129	2024-12-04 11:00:03.607478+00	2024-12-04 11:00:03.607478+00	\N	food&drink	http://143.198.193.9:8989/uploads/1733310003606051329.gif
131	2024-12-04 11:00:03.621178+00	2024-12-04 11:00:03.621178+00	\N	food&drink	http://143.198.193.9:8989/uploads/1733310003619413414.gif
125	2024-12-04 11:00:03.579749+00	2024-12-04 11:00:03.579749+00	\N	food&drink	http://143.198.193.9:8989/uploads/1733310003577788532.gif
127	2024-12-04 11:00:03.597952+00	2024-12-04 11:00:03.597952+00	\N	food&drink	http://143.198.193.9:8989/uploads/1733310003596207482.gif
132	2024-12-04 11:00:03.624746+00	2024-12-04 11:00:03.624746+00	\N	food&drink	http://143.198.193.9:8989/uploads/1733310003623660169.gif
130	2024-12-04 11:00:03.613577+00	2024-12-04 11:00:03.613577+00	\N	food&drink	http://143.198.193.9:8989/uploads/1733310003611508525.gif
133	2024-12-04 11:00:03.630023+00	2024-12-04 11:00:03.630023+00	\N	food&drink	http://143.198.193.9:8989/uploads/1733310003628025178.gif
\.


--
-- Data for Name: transactions; Type: TABLE DATA; Schema: public; Owner: postgres
--

COPY public.transactions (id, created_at, updated_at, deleted_at, user_id, category_id, amount, description, type) FROM stdin;
2	2024-10-14 10:08:47.488778+00	2024-10-14 10:08:47.488778+00	\N	2	17	1000000		income
3	2024-10-14 10:08:53.530051+00	2024-10-14 10:08:53.530051+00	\N	2	18	10000000		income
35	2024-10-07 10:16:12.633+00	2024-10-07 10:16:12.633+00	\N	2	12	50000		expense
36	2024-10-06 10:16:13.305+00	2024-10-06 10:16:13.305+00	\N	2	12	50000		expense
8	2024-10-14 10:11:07.498742+00	2024-10-14 10:11:07.498742+00	\N	2	16	600000		income
24	2024-09-20 10:15:56.94+00	2024-09-20 10:15:56.94+00	\N	2	12	50000		expense
1	2024-08-14 10:08:31.507+00	2024-08-14 10:08:31.507+00	2024-08-14 10:08:31.507+00	2	16	500000		income
20	2024-09-26 10:15:56.94+00	2024-09-26 10:15:56.94+00	\N	2	12	50000		expense
22	2024-09-25 10:15:56.94+00	2024-09-25 10:15:56.94+00	\N	2	12	50000		expense
12	2024-10-02 10:15:54.022+00	2024-10-02 10:15:54.022+00	\N	2	12	50000		expense
39	2024-10-13 10:16:15.444+00	2024-10-13 10:16:15.444+00	\N	2	12	50000		expense
28	2024-09-24 10:15:56.94+00	2024-09-24 10:15:56.94+00	\N	2	12	50000		expense
40	2024-09-01 10:08:47.488778+00	2024-11-13 07:52:43.51721+00	\N	2	1	50.00	Groceries	expense
41	2024-09-01 12:15:30.123456+00	2024-11-13 07:52:43.51721+00	\N	2	2	100.00	Salary	income
42	2024-09-02 08:45:12.654321+00	2024-11-13 07:52:43.51721+00	\N	2	3	20.00	Coffee	expense
43	2024-09-02 19:30:45.789012+00	2024-11-13 07:52:43.51721+00	\N	2	1	75.00	Dinner	expense
7	2024-09-14 10:10:27.347+00	2024-09-14 10:10:27.347+00	\N	2	17	9000000		income
32	2024-10-11 10:16:10.5+00	2024-10-11 10:16:10.5+00	\N	2	12	50000		expense
30	2024-10-10 10:16:09.013+00	2024-10-10 10:16:09.013+00	\N	2	12	50000		expense
31	2024-10-12 10:16:09.725+00	2024-10-12 10:16:09.725+00	\N	2	12	50000		expense
33	2024-10-09 10:16:11.19+00	2024-10-09 10:16:11.19+00	\N	2	12	50000		expense
29	2024-09-29 10:15:56.94+00	2024-09-29 10:15:56.94+00	\N	2	12	50000		expense
19	2024-10-14 10:15:59.011+00	2024-10-14 10:15:59.011+00	\N	2	12	50000		expense
5	2024-08-14 10:09:12.014+00	2024-08-14 10:09:12.014+00	2024-08-14 10:08:31.507+00	2	18	10000000		income
17	2024-09-14 10:15:57.61+00	2024-09-14 10:15:57.61+00	\N	2	12	50000		expense
26	2024-09-23 10:15:56.94+00	2024-09-23 10:15:56.94+00	\N	2	12	50000		expense
13	2024-10-01 10:15:54.783+00	2024-10-01 10:15:54.783+00	\N	2	12	50000		expense
37	2024-10-05 10:16:14.072+00	2024-10-05 10:16:14.072+00	\N	2	12	50000		expense
4	2024-09-14 10:09:11.27+00	2024-09-14 10:09:11.27+00	\N	2	18	10000000		income
16	2024-09-14 10:15:56.94+00	2024-09-14 10:15:56.94+00	\N	2	12	50000		expense
18	2024-09-14 10:15:58.304+00	2024-09-14 10:15:58.304+00	\N	2	12	50000		expense
21	2024-09-28 10:15:56.94+00	2024-09-28 10:15:56.94+00	\N	2	12	50000		expense
15	2024-10-14 10:15:56.275+00	2024-10-14 10:15:56.275+00	\N	2	12	50000		expense
9	2024-09-14 10:11:13.753+00	2024-09-14 10:11:13.753+00	\N	2	16	1000000		income
11	2024-10-03 10:15:53.192+00	2024-10-03 10:15:53.192+00	\N	2	12	50000		expense
23	2024-09-27 10:15:56.94+00	2024-09-27 10:15:56.94+00	\N	2	12	50000		expense
34	2024-10-08 10:16:11.882+00	2024-10-08 10:16:11.882+00	\N	2	12	50000		expense
27	2024-09-21 10:15:56.94+00	2024-09-21 10:15:56.94+00	\N	2	12	50000		expense
25	2024-09-22 10:15:56.94+00	2024-09-22 10:15:56.94+00	\N	2	12	50000		expense
14	2024-09-30 10:15:55.553+00	2024-09-30 10:15:55.553+00	\N	2	12	50000		expense
10	2024-10-14 10:15:52.004+00	2024-10-14 10:15:52.004+00	\N	2	12	50000		expense
38	2024-10-04 10:16:14.847+00	2024-10-04 10:16:14.847+00	\N	2	12	50000		expense
6	2024-08-14 10:10:21.79+00	2024-08-14 10:10:21.79+00	2024-08-14 10:08:31.507+00	2	17	7000000		income
44	2024-09-03 14:22:33.987654+00	2024-11-13 07:52:43.51721+00	\N	2	2	200.00	Freelance Work	income
45	2024-09-03 16:50:27.321098+00	2024-11-13 07:52:43.51721+00	\N	2	3	15.00	Snacks	expense
46	2024-09-04 12:10:10.456789+00	2024-11-13 07:52:43.51721+00	\N	2	1	60.00	Lunch	expense
47	2024-09-04 18:05:05.654987+00	2024-11-13 07:52:43.51721+00	\N	2	2	150.00	Bonus	income
48	2024-09-05 09:30:30.123789+00	2024-11-13 07:52:43.51721+00	\N	2	3	30.00	Books	expense
49	2024-09-05 17:45:45.987321+00	2024-11-13 07:52:43.51721+00	\N	2	1	90.00	Groceries	expense
50	2024-09-06 11:20:20.456123+00	2024-11-13 07:52:43.51721+00	\N	2	2	250.00	Project Payment	income
51	2024-09-06 20:55:55.789654+00	2024-11-13 07:52:43.51721+00	\N	2	3	40.00	Entertainment	expense
52	2024-09-07 19:40:40.123456+00	2024-11-13 07:52:43.51721+00	\N	2	1	80.00	Dinner	expense
53	2024-09-07 15:35:35.654321+00	2024-11-13 07:52:43.51721+00	\N	2	2	300.00	Consulting Fee	income
54	2024-09-08 08:50:50.987654+00	2024-11-13 07:52:43.51721+00	\N	2	3	25.00	Coffee	expense
55	2024-09-08 13:25:25.321098+00	2024-11-13 07:52:43.51721+00	\N	2	1	70.00	Lunch	expense
56	2024-09-09 14:30:30.456789+00	2024-11-13 07:52:43.51721+00	\N	2	2	400.00	Freelance Work	income
57	2024-09-09 16:55:55.654987+00	2024-11-13 07:52:43.51721+00	\N	2	3	35.00	Snacks	expense
58	2024-09-10 10:10:10.123789+00	2024-11-13 07:52:43.51721+00	\N	2	1	100.00	Groceries	expense
59	2024-09-10 12:15:15.987321+00	2024-11-13 07:52:43.51721+00	\N	2	2	500.00	Salary	income
60	2024-09-01 10:08:47.488778+00	2024-11-13 07:54:04.895319+00	\N	2	1	50.00	Groceries	expense
61	2024-09-01 12:15:30.123456+00	2024-11-13 07:54:04.895319+00	\N	2	2	100.00	Salary	income
62	2024-09-02 08:45:12.654321+00	2024-11-13 07:54:04.895319+00	\N	2	3	20.00	Coffee	expense
63	2024-09-02 19:30:45.789012+00	2024-11-13 07:54:04.895319+00	\N	2	1	75.00	Dinner	expense
64	2024-09-03 14:22:33.987654+00	2024-11-13 07:54:04.895319+00	\N	2	2	200.00	Freelance Work	income
65	2024-09-03 16:50:27.321098+00	2024-11-13 07:54:04.895319+00	\N	2	3	15.00	Snacks	expense
66	2024-09-04 12:10:10.456789+00	2024-11-13 07:54:04.895319+00	\N	2	1	60.00	Lunch	expense
67	2024-09-04 18:05:05.654987+00	2024-11-13 07:54:04.895319+00	\N	2	2	150.00	Bonus	income
68	2024-09-05 09:30:30.123789+00	2024-11-13 07:54:04.895319+00	\N	2	3	30.00	Books	expense
69	2024-09-05 17:45:45.987321+00	2024-11-13 07:54:04.895319+00	\N	2	1	90.00	Groceries	expense
70	2024-09-06 11:20:20.456123+00	2024-11-13 07:54:04.895319+00	\N	2	2	250.00	Project Payment	income
71	2024-09-06 20:55:55.789654+00	2024-11-13 07:54:04.895319+00	\N	2	3	40.00	Entertainment	expense
72	2024-09-07 19:40:40.123456+00	2024-11-13 07:54:04.895319+00	\N	2	1	80.00	Dinner	expense
73	2024-09-07 15:35:35.654321+00	2024-11-13 07:54:04.895319+00	\N	2	2	300.00	Consulting Fee	income
74	2024-09-08 08:50:50.987654+00	2024-11-13 07:54:04.895319+00	\N	2	3	25.00	Coffee	expense
75	2024-09-08 13:25:25.321098+00	2024-11-13 07:54:04.895319+00	\N	2	1	70.00	Lunch	expense
76	2024-09-09 14:30:30.456789+00	2024-11-13 07:54:04.895319+00	\N	2	2	400.00	Freelance Work	income
77	2024-09-09 16:55:55.654987+00	2024-11-13 07:54:04.895319+00	\N	2	3	35.00	Snacks	expense
78	2024-09-10 10:10:10.123789+00	2024-11-13 07:54:04.895319+00	\N	2	1	100.00	Groceries	expense
79	2024-09-10 12:15:15.987321+00	2024-11-13 07:54:04.895319+00	\N	2	2	500.00	Salary	income
80	2024-09-11 09:30:30.123789+00	2024-11-13 07:54:04.895319+00	\N	2	3	45.00	Books	expense
81	2024-09-11 17:45:45.987321+00	2024-11-13 07:54:04.895319+00	\N	2	1	110.00	Groceries	expense
82	2024-09-12 11:20:20.456123+00	2024-11-13 07:54:04.895319+00	\N	2	2	550.00	Project Payment	income
83	2024-09-12 20:55:55.789654+00	2024-11-13 07:54:04.895319+00	\N	2	3	50.00	Entertainment	expense
84	2024-09-13 19:40:40.123456+00	2024-11-13 07:54:04.895319+00	\N	2	1	120.00	Dinner	expense
85	2024-09-13 15:35:35.654321+00	2024-11-13 07:54:04.895319+00	\N	2	2	600.00	Consulting Fee	income
86	2024-09-14 08:50:50.987654+00	2024-11-13 07:54:04.895319+00	\N	2	3	55.00	Coffee	expense
87	2024-09-14 13:25:25.321098+00	2024-11-13 07:54:04.895319+00	\N	2	1	130.00	Lunch	expense
88	2024-09-15 14:30:30.456789+00	2024-11-13 07:54:04.895319+00	\N	2	2	650.00	Freelance Work	income
89	2024-09-15 16:55:55.654987+00	2024-11-13 07:54:04.895319+00	\N	2	3	60.00	Snacks	expense
90	2024-09-16 10:10:10.123789+00	2024-11-13 07:54:04.895319+00	\N	2	1	140.00	Groceries	expense
91	2024-09-16 12:15:15.987321+00	2024-11-13 07:54:04.895319+00	\N	2	2	700.00	Salary	income
92	2024-09-17 09:30:30.123789+00	2024-11-13 07:54:04.895319+00	\N	2	3	65.00	Books	expense
93	2024-09-17 17:45:45.987321+00	2024-11-13 07:54:04.895319+00	\N	2	1	150.00	Groceries	expense
94	2024-09-18 11:20:20.456123+00	2024-11-13 07:54:04.895319+00	\N	2	2	750.00	Project Payment	income
95	2024-09-18 20:55:55.789654+00	2024-11-13 07:54:04.895319+00	\N	2	3	70.00	Entertainment	expense
96	2024-09-19 19:40:40.123456+00	2024-11-13 07:54:04.895319+00	\N	2	1	160.00	Dinner	expense
97	2024-09-19 15:35:35.654321+00	2024-11-13 07:54:04.895319+00	\N	2	2	800.00	Consulting Fee	income
98	2024-09-20 08:50:50.987654+00	2024-11-13 07:54:04.895319+00	\N	2	3	75.00	Coffee	expense
99	2024-09-20 13:25:25.321098+00	2024-11-13 07:54:04.895319+00	\N	2	1	170.00	Lunch	expense
100	2024-09-21 14:30:30.456789+00	2024-11-13 07:54:04.895319+00	\N	2	2	850.00	Freelance Work	income
101	2024-09-21 16:55:55.654987+00	2024-11-13 07:54:04.895319+00	\N	2	3	80.00	Snacks	expense
102	2024-09-22 10:10:10.123789+00	2024-11-13 07:54:04.895319+00	\N	2	1	180.00	Groceries	expense
103	2024-09-22 12:15:15.987321+00	2024-11-13 07:54:04.895319+00	\N	2	2	900.00	Salary	income
104	2024-09-23 09:30:30.123789+00	2024-11-13 07:54:04.895319+00	\N	2	3	85.00	Books	expense
105	2024-09-23 17:45:45.987321+00	2024-11-13 07:54:04.895319+00	\N	2	1	190.00	Groceries	expense
106	2024-09-24 11:20:20.456123+00	2024-11-13 07:54:04.895319+00	\N	2	2	950.00	Project Payment	income
107	2024-09-24 20:55:55.789654+00	2024-11-13 07:54:04.895319+00	\N	2	3	90.00	Entertainment	expense
108	2024-09-25 19:40:40.123456+00	2024-11-13 07:54:04.895319+00	\N	2	1	200.00	Dinner	expense
109	2024-09-25 15:35:35.654321+00	2024-11-13 07:54:04.895319+00	\N	2	2	1000.00	Consulting Fee	income
110	2024-09-26 08:50:50.987654+00	2024-11-13 07:54:04.895319+00	\N	2	3	95.00	Coffee	expense
111	2024-09-26 13:25:25.321098+00	2024-11-13 07:54:04.895319+00	\N	2	1	210.00	Lunch	expense
112	2024-09-27 14:30:30.456789+00	2024-11-13 07:54:04.895319+00	\N	2	2	1050.00	Freelance Work	income
113	2024-09-27 16:55:55.654987+00	2024-11-13 07:54:04.895319+00	\N	2	3	100.00	Snacks	expense
114	2024-09-28 10:10:10.123789+00	2024-11-13 07:54:04.895319+00	\N	2	1	220.00	Groceries	expense
115	2024-09-28 12:15:15.987321+00	2024-11-13 07:54:04.895319+00	\N	2	2	1100.00	Salary	income
116	2024-09-29 09:30:30.123789+00	2024-11-13 07:54:04.895319+00	\N	2	3	105.00	Books	expense
117	2024-09-29 17:45:45.987321+00	2024-11-13 07:54:04.895319+00	\N	2	1	230.00	Groceries	expense
118	2024-09-30 11:20:20.456123+00	2024-11-13 07:54:04.895319+00	\N	2	2	1150.00	Project Payment	income
119	2024-09-30 20:55:55.789654+00	2024-11-13 07:54:04.895319+00	\N	2	3	110.00	Entertainment	expense
120	2024-11-20 20:37:42.260206+00	2024-11-20 20:37:42.260206+00	\N	2	17	10000000		income
121	2024-11-22 15:25:36.405205+00	2024-11-22 15:25:36.405205+00	\N	2	19	100		income
122	2024-12-04 04:02:51.261596+00	2024-12-04 04:02:51.261596+00	\N	2	19	500000	test 412	income
123	2024-12-04 04:25:40.638219+00	2024-12-04 04:25:40.638219+00	\N	2	19	100	test expense 	expense
124	2024-12-04 15:00:16.926403+00	2024-12-04 15:00:16.926403+00	\N	2	12	200000	3 Dec	income
125	2024-12-04 15:00:48.541756+00	2024-12-04 15:00:48.541756+00	\N	2	14	2000	Expense 3 Dec 	expense
126	2024-12-04 15:09:49.952938+00	2024-12-04 15:09:49.952938+00	\N	2	25	500000	asd	income
\.


--
-- Data for Name: users; Type: TABLE DATA; Schema: public; Owner: postgres
--

COPY public.users (id, created_at, updated_at, deleted_at, user_name, password) FROM stdin;
6	2024-10-13 05:28:20.050041+00	2024-10-13 05:28:20.050041+00	2024-10-07 09:20:21.438+00	ngxvu4	$2a$10$F/vlUCPhk2Sfde8NvZqS4.2x7mLn6itpKK8tyfp4o1os4vjR23MJK
5	2024-10-07 09:35:10.3883+00	2024-10-07 09:35:10.3883+00	2024-10-07 09:20:21.438+00	ngxvu3	$2a$10$1XByTNyLVd0X1xXm.vJUJO6QXGIWI5bbx8XOpqWqDYH7eveIaD5Ce
4	2024-10-07 09:22:20.39932+00	2024-10-07 09:22:20.39932+00	2024-10-07 09:20:21.438+00	ngxvu2	$2a$10$MLzW.2riL0sfT6RDhmz/c./0pbjQeFN7B4IRHBa0A7ehUFx.x8zYe
3	2024-10-07 09:20:21.438+00	2024-10-07 09:20:21.438+00	2024-10-07 09:20:21.438+00	ngxvu1	$2a$10$sP9PPmaG5Jfdk4W3bHo4TOobnO2D0ZjJtDKcEwYhsa565GUwC5bNq
1	2024-09-30 16:27:27.519975+00	2024-09-30 16:27:27.519975+00	2024-10-07 09:20:21.438+00	ngxvu	$2a$10$685sD4w3g6qJK6fwCB9WVuIMlgll622.evsDoMvcWpqEP.tSuOZqK
7	2024-10-29 15:44:21.537094+00	2024-10-29 15:44:21.537094+00	\N	babaiu20378	$2a$10$rGiLlBuMrjl.cTq.10IQHuS4i5wFycnZC/AEODB9aJXjZrsLv3HLC
8	2024-11-05 09:25:57.514231+00	2024-11-05 09:25:57.514231+00	\N	ngxvu1	$2a$10$Xi4Hl7SnsPpPWKmA3N.Jv.fiOgO8EsBuwAnvunw60sO0tr0Z5J.uy
9	2024-11-05 09:27:23.303974+00	2024-11-05 09:27:23.303974+00	\N	ngxvu1	$2a$10$OCtQ/IPZlXSUxoSJo5twXOjyqUqeGXx37a7wbHaVmhBinoJ0VWKWG
10	2024-11-05 09:30:35.553548+00	2024-11-05 09:30:35.553548+00	\N	ngxvu1	$2a$10$NnfI1B4W3XQlqMwCuW2dSuU87Y6w0etdZ.Qbvh.YDyTPoTvkfXsoW
11	2024-11-05 09:48:32.875641+00	2024-11-05 09:48:32.875641+00	\N	ngxvu1	$2a$10$WwU4LS9IFC4miB09ZBbEju/jZq9AzFFjcb25bkhY3vEmuq7wLydpa
12	2024-11-05 09:50:55.42571+00	2024-11-05 09:50:55.42571+00	\N	ngxvu1	$2a$10$1A0wcGTPPg5FbLNDGfnPOuEOfNGwSpB.ssulLH2bAt5RfujF.c5mK
13	2024-11-05 09:59:20.368909+00	2024-11-05 09:59:20.368909+00	\N	ngxvu1	$2a$10$XeT.qyDs5Gg0I63sBNZqg.OqWQP4Zp4wOG34tlbI.N242WQh8GfzC
14	2024-11-05 09:59:32.435019+00	2024-11-05 09:59:32.435019+00	\N	ngxvu1	$2a$10$IA.b2t8qzhg06dLkl/4szO.wkEhln3SeO9fPZWHy41sGYwzmpTxL.
2	2024-09-30 16:38:39.840147+00	2024-12-04 15:10:12.769993+00	\N	nguyenxuanvu	$2a$10$U3Oul8POZDwkLvDvVJb3V.OrPmCmI3jr09yPj3gSVze3iL9HO/Ciq
\.


--
-- Name: categories_id_seq; Type: SEQUENCE SET; Schema: public; Owner: postgres
--

SELECT pg_catalog.setval('public.categories_id_seq', 26, true);


--
-- Name: icon_catalogs_id_seq; Type: SEQUENCE SET; Schema: public; Owner: postgres
--

SELECT pg_catalog.setval('public.icon_catalogs_id_seq', 146, true);


--
-- Name: transactions_id_seq; Type: SEQUENCE SET; Schema: public; Owner: postgres
--

SELECT pg_catalog.setval('public.transactions_id_seq', 126, true);


--
-- Name: users_id_seq; Type: SEQUENCE SET; Schema: public; Owner: postgres
--

SELECT pg_catalog.setval('public.users_id_seq', 14, true);


--
-- Name: categories categories_pkey; Type: CONSTRAINT; Schema: public; Owner: postgres
--

ALTER TABLE ONLY public.categories
    ADD CONSTRAINT categories_pkey PRIMARY KEY (id);


--
-- Name: icon_catalogs icon_catalogs_pkey; Type: CONSTRAINT; Schema: public; Owner: postgres
--

ALTER TABLE ONLY public.icon_catalogs
    ADD CONSTRAINT icon_catalogs_pkey PRIMARY KEY (id);


--
-- Name: transactions transactions_pkey; Type: CONSTRAINT; Schema: public; Owner: postgres
--

ALTER TABLE ONLY public.transactions
    ADD CONSTRAINT transactions_pkey PRIMARY KEY (id);


--
-- Name: users users_pkey; Type: CONSTRAINT; Schema: public; Owner: postgres
--

ALTER TABLE ONLY public.users
    ADD CONSTRAINT users_pkey PRIMARY KEY (id);


--
-- Name: idx_categories_deleted_at; Type: INDEX; Schema: public; Owner: postgres
--

CREATE INDEX idx_categories_deleted_at ON public.categories USING btree (deleted_at);


--
-- Name: idx_public_categories_deleted_at; Type: INDEX; Schema: public; Owner: postgres
--

CREATE INDEX idx_public_categories_deleted_at ON public.categories USING btree (deleted_at);


--
-- Name: idx_public_icon_catalogs_deleted_at; Type: INDEX; Schema: public; Owner: postgres
--

CREATE INDEX idx_public_icon_catalogs_deleted_at ON public.icon_catalogs USING btree (deleted_at);


--
-- Name: idx_public_transactions_deleted_at; Type: INDEX; Schema: public; Owner: postgres
--

CREATE INDEX idx_public_transactions_deleted_at ON public.transactions USING btree (deleted_at);


--
-- Name: idx_public_users_deleted_at; Type: INDEX; Schema: public; Owner: postgres
--

CREATE INDEX idx_public_users_deleted_at ON public.users USING btree (deleted_at);


--
-- Name: idx_users_deleted_at; Type: INDEX; Schema: public; Owner: postgres
--

CREATE INDEX idx_users_deleted_at ON public.users USING btree (deleted_at);


--
-- Name: categories fk_public_icon_catalogs_category; Type: FK CONSTRAINT; Schema: public; Owner: postgres
--

ALTER TABLE ONLY public.categories
    ADD CONSTRAINT fk_public_icon_catalogs_category FOREIGN KEY (icon_id) REFERENCES public.icon_catalogs(id);


--
-- Name: categories fk_public_users_category; Type: FK CONSTRAINT; Schema: public; Owner: postgres
--

ALTER TABLE ONLY public.categories
    ADD CONSTRAINT fk_public_users_category FOREIGN KEY (user_id) REFERENCES public.users(id);


--
-- Name: transactions fk_public_users_transaction; Type: FK CONSTRAINT; Schema: public; Owner: postgres
--

ALTER TABLE ONLY public.transactions
    ADD CONSTRAINT fk_public_users_transaction FOREIGN KEY (user_id) REFERENCES public.users(id);


--
-- PostgreSQL database dump complete
--

